tx_id,user_id,merchant_id,timestamp,monto,ticket_promedio_ref,esfuerzo_relativo,nivel_usuario,yapa_generada,comision_deuna,status_fraude,redemption_status,estado_yapa,caso
TX00017,09113148622,M022,2025-02-22 22:24:34,9.13,14.85,0.6148,1,0.0913,0.137,Limpio,,Expirada,normal
TX00237,09113148622,M027,2025-05-14 08:22:03,13.64,13.16,1.0365,1,0.1364,0.2046,Limpio,,Disponible,normal
TX00094,09113148622,M028,2025-06-01 03:14:22,5.13,4.18,1.2273,1,0.0513,0.0769,Limpio,,Disponible,normal
TX00196,09113148622,M035,2025-03-15 02:15:31,3.74,4.08,0.9167,1,0.0374,0.0561,Limpio,,Expirada,normal
TX00009,09113148622,M036,2025-03-09 06:10:48,0.95,1.11,0.8559,1,0.0095,0.0095,Limpio,Exitosa,Expirada,normal
TX00125,09113148622,M042,2025-04-20 07:21:46,5.07,8.0,0.6338,1,0.0507,0.0761,Limpio,,Disponible,normal
TX00486,09119795638,M007,2025-03-26 03:19:42,4.24,3.24,1.3086,1,0.0424,0.0636,Limpio,,Disponible,normal
TX00041,09119795638,M013,2025-02-24 02:25:31,1.42,2.62,0.542,1,0.0142,0.0213,Limpio,,Expirada,normal
TX00311,09119795638,M019,2025-06-07 03:37:46,1.94,1.46,1.3288,1,0.0194,0.0291,Limpio,,Disponible,normal
TX00113,09119795638,M039,2025-03-11 22:15:55,1.37,1.29,1.062,1,0.0137,0.0137,Limpio,,Expirada,normal
TX00315,09119795638,M043,2025-03-21 06:40:54,36.08,28.84,1.251,1,0.3608,0.5412,Limpio,,Disponible,normal
TX00348,09119795638,M050,2025-05-26 10:27:14,2.78,4.02,0.6915,1,0.0278,0.0417,Limpio,,Usada,normal
TX00117,09126911160,M009,2025-03-31 03:39:56,1.37,1.92,0.7135,1,0.0137,0.0206,Limpio,,Disponible,normal
TX00294,09126911160,M010,2025-03-23 02:41:02,2.15,2.06,1.0437,1,0.0215,0.0323,Limpio,,Disponible,normal
TX00243,09126911160,M011,2025-05-18 07:16:30,3.49,5.3,0.6585,1,0.0349,0.0524,Limpio,,Disponible,normal
TX00263,09126911160,M018,2025-05-04 09:55:39,4.67,3.1,1.5065,1,0.0467,0.0701,Limpio,,Disponible,normal
TX00281,09126911160,M022,2025-04-10 02:38:48,11.48,14.85,0.7731,1,0.1148,0.1722,Limpio,,Usada,normal
TX00251,09126911160,M027,2025-05-06 06:58:58,26.28,13.16,1.997,1,0.2628,0.3942,Limpio,,Usada,normal
TX00152,09126911160,M035,2025-05-11 09:01:49,3.66,4.08,0.8971,1,0.0366,0.0549,Limpio,,Disponible,normal
TX00245,09133462959,M024,2025-04-06 03:37:21,15.76,7.53,2.093,2,0.394,0.2364,Limpio,,Usada,normal
TX00322,09133462959,M024,2025-05-20 10:40:15,5.75,7.53,0.7636,2,0.1438,0.0862,Limpio,,Disponible,normal
TX00375,09133462959,M040,2025-03-15 09:13:45,19.24,11.97,1.6074,2,0.481,0.1924,Limpio,,Expirada,normal
TX00131,09133462959,M043,2025-04-14 21:51:35,19.64,28.84,0.681,2,0.491,0.2946,Limpio,,Disponible,normal
TX00417,09133462959,M044,2025-05-13 02:49:11,17.1,12.33,1.3869,2,0.4275,0.2565,Limpio,,Disponible,normal
TX00300,09134078943,M019,2025-05-11 07:15:33,1.11,1.46,0.7603,1,0.0111,0.0167,Limpio,,Disponible,normal
TX00353,09134078943,M043,2025-06-04 23:00:52,18.8,28.84,0.6519,1,0.188,0.282,Limpio,,Usada,normal
TX00511,09154618999,M013,2025-05-23 02:14:54,1.17,2.62,0.4466,1,0.0117,0.0175,Detectado,,Usada,fraccionamiento
TX00512,09154618999,M013,2025-05-23 02:55:54,1.31,2.62,0.5,1,0.0131,0.0197,Detectado,,Disponible,fraccionamiento
TX00454,09154618999,M019,2025-05-04 22:09:04,2.97,1.46,2.0342,1,0.0297,0.0445,Limpio,,Disponible,normal
TX00076,09154618999,M044,2025-03-02 06:34:50,12.44,12.33,1.0089,1,0.1244,0.1866,Limpio,,Expirada,normal
TX00183,09154618999,M048,2025-04-25 06:20:14,29.93,38.86,0.7702,1,0.2993,0.4489,Limpio,,Disponible,normal
TX00545,09157485662,M001,2025-03-08 06:55:25,10.49,8.98,1.1682,1,0.1049,0.1573,Limpio,,Expirada,breakage
TX00057,09157485662,M026,2025-03-25 21:04:27,10.43,7.04,1.4815,1,0.1043,0.1564,Limpio,Exitosa,Usada,normal
TX00436,09157485662,M035,2025-03-10 06:54:47,3.62,4.08,0.8873,1,0.0362,0.0543,Limpio,,Expirada,normal
TX00204,09157485662,M047,2025-04-17 09:23:35,22.11,13.63,1.6222,1,0.2211,0.3317,Limpio,Exitosa,Usada,normal
TX00052,09174032680,M010,2025-04-25 07:07:37,1.07,2.06,0.5194,2,0.0268,0.0161,Limpio,Exitosa,Usada,normal
TX00422,09174032680,M038,2025-04-12 03:41:50,2.35,2.18,1.078,2,0.0588,0.0235,Limpio,,Disponible,normal
TX00402,09174032680,M044,2025-06-14 02:37:17,7.35,12.33,0.5961,2,0.1837,0.1102,Limpio,,Disponible,normal
TX00498,09174461385,M011,2025-05-03 06:33:41,8.11,5.3,1.5302,1,0.0811,0.1216,Limpio,,Disponible,normal
TX00432,09174461385,M020,2025-04-06 09:01:21,7.48,5.66,1.3216,1,0.0748,0.1122,Limpio,,Usada,normal
TX00104,09174461385,M022,2025-05-29 10:23:47,13.28,14.85,0.8943,1,0.1328,0.1992,Limpio,,Usada,normal
TX00550,09174461385,M025,2025-03-14 02:54:23,1.75,2.72,0.6434,1,0.0175,0.0262,Limpio,,Expirada,breakage
TX00359,09174461385,M039,2025-04-03 09:34:09,4.52,1.29,3.5039,1,0.0452,0.0452,Limpio,,Usada,normal
TX00324,09174461385,M041,2025-04-18 02:50:08,11.99,11.38,1.0536,1,0.1199,0.1799,Limpio,,Usada,normal
TX00433,09196479920,M001,2025-03-09 09:01:40,8.46,8.98,0.9421,1,0.0846,0.1269,Limpio,,Expirada,normal
TX00177,09196479920,M002,2025-02-16 07:27:49,8.96,6.92,1.2948,1,0.0896,0.1344,Limpio,,Expirada,normal
TX00513,09196479920,M011,2025-04-21 03:02:29,2.55,5.3,0.4811,1,0.0255,0.0382,Detectado,,Usada,fraccionamiento
TX00514,09196479920,M011,2025-04-21 03:27:29,2.22,5.3,0.4189,1,0.0222,0.0333,Detectado,,Usada,fraccionamiento
TX00517,09196479920,M012,2025-05-07 02:16:46,0.74,1.4,0.5286,1,0.0074,0.0111,Detectado,,Disponible,fraccionamiento
TX00518,09196479920,M012,2025-05-07 02:43:46,0.71,1.4,0.5071,1,0.0071,0.0106,Detectado,,Usada,fraccionamiento
TX00478,09196479920,M023,2025-04-15 21:54:29,9.13,6.98,1.308,1,0.0913,0.137,Limpio,,Disponible,normal
TX00396,09196479920,M029,2025-05-15 02:13:48,1.47,2.0,0.735,1,0.0147,0.0221,Limpio,,Disponible,normal
TX00242,09196479920,M035,2025-02-18 09:35:16,6.62,4.08,1.6225,1,0.0662,0.0993,Limpio,,Expirada,normal
TX00367,09196479920,M045,2025-04-03 22:23:00,3.84,4.45,0.8629,1,0.0384,0.0576,Limpio,,Usada,normal
TX00174,09196479920,M048,2025-03-22 06:42:43,66.98,38.86,1.7236,1,0.6698,1.0047,Limpio,,Usada,normal
TX00098,09203012859,M010,2025-02-25 10:26:38,1.6,2.06,0.7767,2,0.04,0.024,Limpio,,Expirada,normal
TX00257,09203012859,M025,2025-03-10 03:30:19,3.63,2.72,1.3346,2,0.0907,0.0544,Limpio,Exitosa,Expirada,normal
TX00089,09203012859,M029,2025-03-16 03:13:36,2.55,2.0,1.275,2,0.0638,0.0382,Limpio,Exitosa,Expirada,normal
TX00434,09203012859,M038,2025-04-01 10:00:49,1.54,2.18,0.7064,2,0.0385,0.0154,Limpio,,Disponible,normal
TX00336,09203181576,M003,2025-04-10 10:42:46,5.61,6.22,0.9019,1,0.0561,0.0842,Limpio,,Disponible,normal
TX00088,09203181576,M006,2025-03-27 07:13:09,1.88,2.87,0.6551,1,0.0188,0.0282,Limpio,,Disponible,normal
TX00210,09203181576,M008,2025-05-16 09:49:47,13.84,8.22,1.6837,1,0.1384,0.2076,Limpio,,Disponible,normal
TX00188,09203181576,M010,2025-03-09 02:53:13,2.35,2.06,1.1408,1,0.0235,0.0352,Limpio,,Expirada,normal
TX00002,09203181576,M015,2025-04-21 08:08:05,3.89,4.86,0.8004,1,0.0389,0.0583,Limpio,,Usada,normal
TX00170,09203181576,M023,2025-03-21 03:49:57,6.26,6.98,0.8968,1,0.0626,0.0939,Limpio,,Disponible,normal
TX00228,09228431069,M005,2025-05-11 06:17:33,2.72,4.45,0.6112,1,0.0272,0.0408,Limpio,,Disponible,normal
TX00146,09228431069,M007,2025-05-11 03:55:24,2.49,3.24,0.7685,1,0.0249,0.0374,Limpio,,Disponible,normal
TX00234,09228431069,M017,2025-03-12 07:22:42,11.19,8.84,1.2658,1,0.1119,0.1678,Limpio,,Expirada,normal
TX00426,09228431069,M031,2025-05-04 03:28:07,17.06,17.91,0.9525,1,0.1706,0.2559,Limpio,,Disponible,normal
TX00481,09231263226,M001,2025-03-18 03:07:03,7.16,8.98,0.7973,3,0.358,0.1074,Limpio,,Disponible,normal
TX00466,09231263226,M011,2025-03-13 03:46:48,5.57,5.3,1.0509,3,0.2785,0.0835,Limpio,Exitosa,Expirada,normal
TX00241,09231263226,M012,2025-02-26 22:34:26,0.89,1.4,0.6357,3,0.0445,0.0133,Limpio,,Expirada,normal
TX00342,09231263226,M021,2025-05-24 06:41:25,0.57,1.42,0.4014,3,0.0285,0.0085,Limpio,,Disponible,normal
TX00557,09231263226,M031,2025-05-24 02:27:20,53.82,17.91,3.005,3,2.691,0.8073,Limpio,,Disponible,esfuerzo_alto
TX00299,09231263226,M040,2025-04-20 06:58:12,9.09,11.97,0.7594,3,0.4545,0.0909,Limpio,,Usada,normal
TX00421,09231263226,M041,2025-04-02 03:36:41,13.04,11.38,1.1459,3,0.652,0.1956,Limpio,,Disponible,normal
TX00563,09231263226,M044,2025-05-25 21:52:11,46.15,12.33,3.7429,3,2.3075,0.6922,Limpio,,Disponible,esfuerzo_alto
TX00477,09231263226,M050,2025-06-11 22:03:54,2.96,4.02,0.7363,3,0.148,0.0444,Limpio,,Usada,normal
TX00084,09249173082,M005,2025-04-13 03:57:16,2.65,4.45,0.5955,1,0.0265,0.0398,Limpio,Exitosa,Usada,normal
TX00176,09249173082,M012,2025-03-30 07:13:41,1.1,1.4,0.7857,1,0.011,0.0165,Limpio,,Disponible,normal
TX00259,09249173082,M016,2025-04-09 03:05:15,4.8,10.61,0.4524,1,0.048,0.072,Limpio,,Disponible,normal
TX00268,09249173082,M026,2025-02-20 03:20:32,6.07,7.04,0.8622,1,0.0607,0.0911,Limpio,,Expirada,normal
TX00201,09249173082,M028,2025-02-23 02:41:02,3.59,4.18,0.8589,1,0.0359,0.0538,Limpio,,Expirada,normal
TX00413,09249173082,M037,2025-05-31 21:45:31,4.24,5.52,0.7681,1,0.0424,0.0424,Limpio,,Usada,normal
TX00355,09249173082,M049,2025-02-17 10:30:25,8.28,9.13,0.9069,1,0.0828,0.1242,Limpio,Exitosa,Expirada,normal
TX00544,09256197949,M002,2025-02-23 02:24:29,6.73,6.92,0.9725,2,0.1683,0.1009,Limpio,,Expirada,breakage
TX00054,09256197949,M013,2025-05-05 06:53:21,1.01,2.62,0.3855,2,0.0253,0.0152,Limpio,,Usada,normal
TX00005,09256197949,M015,2025-06-15 09:52:24,3.24,4.86,0.6667,2,0.081,0.0486,Limpio,,Usada,normal
TX00338,09256197949,M041,2025-06-01 08:44:59,23.42,11.38,2.058,2,0.5855,0.3513,Limpio,,Disponible,normal
TX00110,09256197949,M048,2025-04-19 21:31:14,31.18,38.86,0.8024,2,0.7795,0.4677,Limpio,,Disponible,normal
TX00252,09263818630,M007,2025-06-06 08:11:05,7.56,3.24,2.3333,1,0.0756,0.1134,Limpio,,Usada,normal
TX00495,09263818630,M019,2025-05-17 22:06:39,1.95,1.46,1.3356,1,0.0195,0.0292,Limpio,,Disponible,normal
TX00405,09263818630,M034,2025-03-09 02:22:56,7.26,6.33,1.1469,1,0.0726,0.1089,Limpio,,Expirada,normal
TX00354,09263818630,M036,2025-03-16 03:11:23,0.77,1.11,0.6937,1,0.0077,0.0077,Limpio,,Expirada,normal
TX00043,09269127413,M006,2025-04-15 08:12:27,3.77,2.87,1.3136,3,0.1885,0.0565,Limpio,,Disponible,normal
TX00051,09305763500,M012,2025-04-22 02:27:54,2.22,1.4,1.5857,1,0.0222,0.0333,Limpio,,Usada,normal
TX00282,09305763500,M013,2025-03-04 03:21:17,2.69,2.62,1.0267,1,0.0269,0.0403,Limpio,,Expirada,normal
TX00128,09305763500,M017,2025-02-23 22:53:53,9.15,8.84,1.0351,1,0.0915,0.1373,Limpio,,Expirada,normal
TX00062,09305763500,M040,2025-04-24 03:41:28,9.75,11.97,0.8145,1,0.0975,0.0975,Limpio,Exitosa,Usada,normal
TX00465,09322932778,M022,2025-04-12 21:27:34,13.96,14.85,0.9401,1,0.1396,0.2094,Limpio,,Disponible,normal
TX00026,09322932778,M037,2025-06-15 10:34:38,5.22,5.52,0.9457,1,0.0522,0.0522,Limpio,,Disponible,normal
TX00474,09329164530,M013,2025-03-11 08:46:45,2.38,2.62,0.9084,1,0.0238,0.0357,Limpio,,Expirada,normal
TX00290,09329164530,M017,2025-03-01 06:07:53,7.48,8.84,0.8462,1,0.0748,0.1122,Limpio,,Expirada,normal
TX00049,09329164530,M023,2025-02-23 06:29:02,4.95,6.98,0.7092,1,0.0495,0.0742,Limpio,,Expirada,normal
TX00547,09329164530,M024,2025-03-17 02:37:04,5.74,7.53,0.7623,1,0.0574,0.0861,Limpio,,Expirada,breakage
TX00541,09329164530,M025,2025-02-18 10:27:53,1.58,2.72,0.5809,1,0.0158,0.0237,Limpio,,Expirada,breakage
TX00279,09329164530,M034,2025-03-04 02:18:54,13.34,6.33,2.1074,1,0.1334,0.2001,Limpio,,Expirada,normal
TX00451,09329164530,M037,2025-04-13 09:23:55,10.27,5.52,1.8605,1,0.1027,0.1027,Limpio,Exitosa,Usada,normal
TX00424,09329164530,M042,2025-02-21 21:45:41,7.25,8.0,0.9062,1,0.0725,0.1087,Limpio,,Expirada,normal
TX00535,09329164530,M049,2025-02-22 07:08:10,12.02,9.13,1.3165,1,0.1202,0.1803,Limpio,,Expirada,breakage
TX00070,09329164530,M050,2025-05-08 21:31:22,4.31,4.02,1.0721,1,0.0431,0.0646,Limpio,,Disponible,normal
TX00562,09333056896,M004,2025-06-13 02:38:21,12.36,3.19,3.8746,3,0.618,0.1854,Limpio,,Disponible,esfuerzo_alto
TX00567,09333056896,M016,2025-05-18 10:28:34,35.47,10.61,3.3431,3,1.7735,0.532,Limpio,,Disponible,esfuerzo_alto
TX00552,09333056896,M019,2025-06-03 21:23:46,5.2,1.46,3.5616,3,0.26,0.078,Limpio,,Disponible,esfuerzo_alto
TX00235,09333056896,M035,2025-06-15 06:22:18,2.87,4.08,0.7034,3,0.1435,0.043,Limpio,,Disponible,normal
TX00283,09333056896,M044,2025-03-27 03:21:59,9.4,12.33,0.7624,3,0.47,0.141,Limpio,,Usada,normal
TX00397,09341818369,M010,2025-02-17 07:09:03,1.76,2.06,0.8544,1,0.0176,0.0264,Limpio,,Expirada,normal
TX00108,09341818369,M018,2025-02-20 09:44:01,1.54,3.1,0.4968,1,0.0154,0.0231,Limpio,,Expirada,normal
TX00358,09341818369,M024,2025-02-22 23:14:35,5.46,7.53,0.7251,1,0.0546,0.0819,Limpio,Exitosa,Expirada,normal
TX00127,09341818369,M042,2025-05-31 08:19:49,8.01,8.0,1.0012,1,0.0801,0.1201,Limpio,,Usada,normal
TX00320,09341818369,M045,2025-04-18 08:36:54,3.1,4.45,0.6966,1,0.031,0.0465,Limpio,,Disponible,normal
TX00429,09341818369,M045,2025-05-15 02:38:25,2.29,4.45,0.5146,1,0.0229,0.0343,Limpio,,Usada,normal
TX00490,09371441656,M003,2025-04-27 23:11:29,3.55,6.22,0.5707,1,0.0355,0.0532,Limpio,,Disponible,normal
TX00202,09371441656,M012,2025-04-27 06:39:28,1.86,1.4,1.3286,1,0.0186,0.0279,Limpio,,Usada,normal
TX00143,09371441656,M014,2025-04-20 03:45:48,1.88,2.39,0.7866,1,0.0188,0.0282,Limpio,,Disponible,normal
TX00095,09371441656,M021,2025-02-16 10:37:26,1.3,1.42,0.9155,1,0.013,0.0195,Limpio,,Expirada,normal
TX00074,09371441656,M025,2025-03-23 06:06:47,1.96,2.72,0.7206,1,0.0196,0.0294,Limpio,,Disponible,normal
TX00028,09375584674,M002,2025-05-25 02:28:07,6.18,6.92,0.8931,1,0.0618,0.0927,Limpio,,Disponible,normal
TX00548,09375584674,M008,2025-02-19 03:00:37,12.85,8.22,1.5633,1,0.1285,0.1927,Limpio,,Expirada,breakage
TX00022,09375584674,M021,2025-03-21 06:26:40,0.89,1.42,0.6268,1,0.0089,0.0133,Limpio,,Disponible,normal
TX00199,09375584674,M029,2025-03-15 22:22:15,3.4,2.0,1.7,1,0.034,0.051,Limpio,,Expirada,normal
TX00381,09375584674,M031,2025-02-19 10:15:02,15.03,17.91,0.8392,1,0.1503,0.2254,Limpio,,Expirada,normal
TX00469,09375584674,M032,2025-03-03 07:18:42,2.95,2.11,1.3981,1,0.0295,0.0442,Limpio,,Expirada,normal
TX00415,09375584674,M039,2025-05-20 03:42:49,1.14,1.29,0.8837,1,0.0114,0.0114,Limpio,Exitosa,Usada,normal
TX00092,09382335131,M003,2025-03-09 02:18:27,5.95,6.22,0.9566,2,0.1488,0.0892,Limpio,,Expirada,normal
TX00376,09382335131,M015,2025-03-04 03:48:45,3.83,4.86,0.7881,2,0.0958,0.0575,Limpio,,Expirada,normal
TX00141,09382335131,M019,2025-02-21 03:19:25,1.12,1.46,0.7671,2,0.028,0.0168,Limpio,,Expirada,normal
TX00115,09382335131,M032,2025-03-17 07:26:34,1.57,2.11,0.7441,2,0.0393,0.0236,Limpio,,Expirada,normal
TX00334,09417757928,M004,2025-05-02 02:32:31,3.4,3.19,1.0658,1,0.034,0.051,Limpio,,Disponible,normal
TX00400,09417757928,M014,2025-02-16 07:05:19,2.12,2.39,0.887,1,0.0212,0.0318,Limpio,Exitosa,Expirada,normal
TX00178,09417757928,M019,2025-06-04 07:01:38,0.96,1.46,0.6575,1,0.0096,0.0144,Limpio,,Usada,normal
TX00134,09417757928,M020,2025-02-27 22:38:56,8.86,5.66,1.5654,1,0.0886,0.1329,Limpio,,Expirada,normal
TX00443,09417757928,M022,2025-05-25 08:58:36,5.96,14.85,0.4013,1,0.0596,0.0894,Limpio,,Usada,normal
TX00083,09417757928,M028,2025-05-05 02:03:05,4.81,4.18,1.1507,1,0.0481,0.0721,Limpio,,Disponible,normal
TX00537,09417757928,M045,2025-02-21 09:30:24,4.35,4.45,0.9775,1,0.0435,0.0652,Limpio,,Expirada,breakage
TX00462,09417757928,M045,2025-05-28 23:07:40,2.9,4.45,0.6517,1,0.029,0.0435,Limpio,Exitosa,Usada,normal
TX00207,09417757928,M050,2025-02-17 06:36:36,6.18,4.02,1.5373,1,0.0618,0.0927,Limpio,,Expirada,normal
TX00344,09423979146,M003,2025-06-10 06:02:27,6.54,6.22,1.0514,2,0.1635,0.0981,Limpio,,Disponible,normal
TX00246,09423979146,M005,2025-05-19 02:08:59,5.31,4.45,1.1933,2,0.1328,0.0796,Limpio,,Disponible,normal
TX00182,09423979146,M012,2025-04-23 03:25:28,1.08,1.4,0.7714,2,0.027,0.0162,Limpio,,Disponible,normal
TX00150,09423979146,M021,2025-05-11 09:10:48,1.25,1.42,0.8803,2,0.0312,0.0187,Limpio,Exitosa,Usada,normal
TX00192,09423979146,M027,2025-05-18 07:23:21,15.07,13.16,1.1451,2,0.3768,0.2261,Limpio,,Disponible,normal
TX00260,09423979146,M033,2025-02-22 09:03:32,6.47,5.39,1.2004,2,0.1618,0.097,Limpio,,Expirada,normal
TX00189,09423979146,M042,2025-04-20 09:07:46,7.33,8.0,0.9163,2,0.1833,0.1099,Limpio,,Usada,normal
TX00055,09423979146,M049,2025-06-09 09:41:48,13.68,9.13,1.4984,2,0.342,0.2052,Limpio,,Disponible,normal
TX00144,09426561627,M004,2025-04-14 10:05:59,4.24,3.19,1.3292,1,0.0424,0.0636,Limpio,,Usada,normal
TX00312,09426561627,M011,2025-06-08 03:54:45,2.45,5.3,0.4623,1,0.0245,0.0367,Limpio,,Usada,normal
TX00543,09426561627,M021,2025-03-11 06:24:12,1.79,1.42,1.2606,1,0.0179,0.0268,Limpio,,Expirada,breakage
TX00171,09426561627,M024,2025-06-09 03:25:17,5.69,7.53,0.7556,1,0.0569,0.0854,Limpio,,Disponible,normal
TX00139,09426561627,M037,2025-04-18 09:47:18,12.89,5.52,2.3351,1,0.1289,0.1289,Limpio,,Usada,normal
TX00065,09426561627,M042,2025-06-16 02:33:11,10.29,8.0,1.2862,1,0.1029,0.1543,Limpio,,Disponible,normal
TX00532,09426561627,M046,2025-03-11 08:35:31,14.12,13.6,1.0382,1,0.1412,0.2118,Limpio,,Expirada,breakage
TX00378,09426561627,M048,2025-06-04 10:30:02,53.9,38.86,1.387,1,0.539,0.8085,Limpio,Exitosa,Usada,normal
TX00191,09426561627,M050,2025-04-26 22:24:04,6.83,4.02,1.699,1,0.0683,0.1024,Limpio,,Disponible,normal
TX00255,09438942028,M029,2025-05-28 03:49:54,1.46,2.0,0.73,1,0.0146,0.0219,Limpio,Exitosa,Usada,normal
TX00447,09438942028,M039,2025-03-02 10:54:02,1.79,1.29,1.3876,1,0.0179,0.0179,Limpio,,Expirada,normal
TX00274,09438942028,M040,2025-04-28 02:51:55,11.21,11.97,0.9365,1,0.1121,0.1121,Limpio,,Disponible,normal
TX00291,09438942028,M049,2025-05-14 08:27:21,7.77,9.13,0.851,1,0.0777,0.1165,Limpio,,Usada,normal
TX00132,09441762383,M006,2025-03-14 08:52:24,2.54,2.87,0.885,3,0.127,0.0381,Limpio,,Expirada,normal
TX00280,09441762383,M017,2025-05-10 07:24:55,7.0,8.84,0.7919,3,0.35,0.105,Limpio,,Disponible,normal
TX00077,09441762383,M024,2025-04-20 02:31:35,5.63,7.53,0.7477,3,0.2815,0.0844,Limpio,,Disponible,normal
TX00558,09441762383,M032,2025-06-08 23:11:32,8.09,2.11,3.8341,3,0.4045,0.1213,Limpio,,Usada,esfuerzo_alto
TX00194,09449123246,M011,2025-04-05 21:38:17,4.91,5.3,0.9264,2,0.1228,0.0736,Limpio,Exitosa,Usada,normal
TX00306,09449123246,M032,2025-04-30 02:36:50,1.01,2.11,0.4787,2,0.0253,0.0152,Limpio,,Disponible,normal
TX00031,09449123246,M039,2025-04-27 10:13:23,1.75,1.29,1.3566,2,0.0438,0.0175,Limpio,,Disponible,normal
TX00190,09462744046,M004,2025-03-07 06:30:07,2.99,3.19,0.9373,2,0.0748,0.0449,Limpio,,Expirada,normal
TX00039,09462744046,M010,2025-05-24 02:55:54,2.84,2.06,1.3786,2,0.071,0.0426,Limpio,Exitosa,Usada,normal
TX00346,09462744046,M025,2025-03-29 07:10:55,3.21,2.72,1.1801,2,0.0803,0.0481,Limpio,,Disponible,normal
TX00212,09462744046,M027,2025-05-05 02:02:45,22.7,13.16,1.7249,2,0.5675,0.3405,Limpio,Exitosa,Usada,normal
TX00229,09462744046,M027,2025-05-31 23:11:07,16.0,13.16,1.2158,2,0.4,0.24,Limpio,,Disponible,normal
TX00269,09462744046,M034,2025-04-01 06:13:22,13.35,6.33,2.109,2,0.3337,0.2002,Limpio,,Disponible,normal
TX00479,09462744046,M034,2025-06-08 06:26:39,6.01,6.33,0.9494,2,0.1502,0.0901,Limpio,Exitosa,Usada,normal
TX00067,09462744046,M037,2025-05-18 10:06:43,4.3,5.52,0.779,2,0.1075,0.043,Limpio,Exitosa,Usada,normal
TX00027,09462744046,M041,2025-04-12 21:24:35,9.51,11.38,0.8357,2,0.2378,0.1426,Limpio,Exitosa,Usada,normal
TX00285,09462744046,M046,2025-02-24 06:26:31,16.53,13.6,1.2154,2,0.4133,0.248,Limpio,,Expirada,normal
TX00225,09465698729,M002,2025-06-05 03:42:28,5.98,6.92,0.8642,2,0.1495,0.0897,Limpio,,Usada,normal
TX00101,09465698729,M014,2025-04-03 22:23:08,4.36,2.39,1.8243,2,0.109,0.0654,Limpio,Exitosa,Usada,normal
TX00099,09465698729,M017,2025-03-08 03:30:44,15.61,8.84,1.7658,2,0.3902,0.2341,Limpio,,Expirada,normal
TX00393,09465698729,M024,2025-04-22 03:32:15,4.64,7.53,0.6162,2,0.116,0.0696,Limpio,Exitosa,Usada,normal
TX00155,09465698729,M026,2025-03-25 07:02:01,5.91,7.04,0.8395,2,0.1478,0.0886,Limpio,Exitosa,Usada,normal
TX00467,09465698729,M037,2025-04-13 03:19:10,4.47,5.52,0.8098,2,0.1118,0.0447,Limpio,,Usada,normal
TX00370,09465698729,M040,2025-05-09 02:13:51,13.92,11.97,1.1629,2,0.348,0.1392,Limpio,Exitosa,Usada,normal
TX00147,09476551555,M023,2025-03-17 02:56:19,4.33,6.98,0.6203,3,0.2165,0.0649,Limpio,,Expirada,normal
TX00200,09476551555,M030,2025-02-17 09:31:05,2.79,4.44,0.6284,3,0.1395,0.0418,Limpio,,Expirada,normal
TX00276,09476551555,M031,2025-04-27 03:37:54,15.63,17.91,0.8727,3,0.7815,0.2344,Limpio,,Usada,normal
TX00412,09476551555,M031,2025-05-29 23:24:29,23.54,17.91,1.3143,3,1.177,0.3531,Limpio,,Disponible,normal
TX00483,09476551555,M032,2025-06-16 07:16:41,2.62,2.11,1.2417,3,0.131,0.0393,Limpio,,Disponible,normal
TX00387,09476551555,M037,2025-05-02 02:35:31,3.46,5.52,0.6268,3,0.173,0.0346,Limpio,,Disponible,normal
TX00122,09476551555,M039,2025-03-16 06:13:43,1.09,1.29,0.845,3,0.0545,0.0109,Limpio,,Expirada,normal
TX00019,09476551555,M042,2025-05-31 21:34:20,5.79,8.0,0.7238,3,0.2895,0.0868,Limpio,,Disponible,normal
TX00102,09476551555,M044,2025-02-28 08:41:52,7.05,12.33,0.5718,3,0.3525,0.1057,Limpio,Exitosa,Expirada,normal
TX00316,09479091536,M019,2025-05-31 23:21:40,1.66,1.46,1.137,1,0.0166,0.0249,Limpio,Exitosa,Usada,normal
TX00284,09479091536,M025,2025-06-08 08:20:01,3.29,2.72,1.2096,1,0.0329,0.0493,Limpio,,Disponible,normal
TX00050,09479091536,M028,2025-03-16 03:30:03,3.82,4.18,0.9139,1,0.0382,0.0573,Limpio,,Expirada,normal
TX00309,09479091536,M036,2025-05-05 22:36:57,0.87,1.11,0.7838,1,0.0087,0.0087,Limpio,,Disponible,normal
TX00058,09479091536,M037,2025-06-11 03:16:26,6.09,5.52,1.1033,1,0.0609,0.0609,Limpio,,Usada,normal
TX00302,09479091536,M047,2025-06-13 02:58:13,12.11,13.63,0.8885,1,0.1211,0.1816,Limpio,,Disponible,normal
TX00313,09479091536,M049,2025-03-30 02:16:38,8.89,9.13,0.9737,1,0.0889,0.1333,Limpio,,Disponible,normal
TX00538,09485507144,M001,2025-02-25 02:41:00,9.22,8.98,1.0267,1,0.0922,0.1383,Limpio,,Expirada,breakage
TX00209,09485507144,M011,2025-02-25 21:52:02,3.82,5.3,0.7208,1,0.0382,0.0573,Limpio,Exitosa,Expirada,normal
TX00380,09485507144,M025,2025-03-20 03:57:10,3.47,2.72,1.2757,1,0.0347,0.052,Limpio,,Disponible,normal
TX00503,09492632248,M014,2025-05-06 02:28:44,1.38,2.39,0.5774,3,0.069,0.0207,Detectado,,Disponible,fraccionamiento
TX00504,09492632248,M014,2025-05-06 02:48:44,1.18,2.39,0.4937,3,0.059,0.0177,Detectado,,Disponible,fraccionamiento
TX00105,09492632248,M015,2025-04-25 03:13:37,8.02,4.86,1.6502,3,0.401,0.1203,Limpio,,Usada,normal
TX00004,09492632248,M020,2025-04-29 06:25:18,6.14,5.66,1.0848,3,0.307,0.0921,Limpio,,Usada,normal
TX00120,09492632248,M023,2025-04-27 06:10:20,7.44,6.98,1.0659,3,0.372,0.1116,Limpio,,Usada,normal
TX00044,09492632248,M032,2025-04-17 09:16:00,1.54,2.11,0.7299,3,0.077,0.0231,Limpio,,Disponible,normal
TX00215,09498815221,M016,2025-05-12 21:17:59,10.95,10.61,1.032,1,0.1095,0.1642,Limpio,Exitosa,Usada,normal
TX00036,09498815221,M019,2025-04-27 02:36:03,2.14,1.46,1.4658,1,0.0214,0.0321,Limpio,,Disponible,normal
TX00425,09498815221,M026,2025-03-16 02:28:30,5.72,7.04,0.8125,1,0.0572,0.0858,Limpio,,Expirada,normal
TX00185,09498815221,M026,2025-04-20 08:23:18,5.08,7.04,0.7216,1,0.0508,0.0762,Limpio,,Disponible,normal
TX00340,09498815221,M026,2025-06-06 06:25:58,11.75,7.04,1.669,1,0.1175,0.1762,Limpio,,Usada,normal
TX00148,09498815221,M034,2025-03-09 03:26:37,4.85,6.33,0.7662,1,0.0485,0.0727,Limpio,Exitosa,Expirada,normal
TX00093,09498815221,M035,2025-03-21 23:26:29,3.24,4.08,0.7941,1,0.0324,0.0486,Limpio,,Disponible,normal
TX00341,09498815221,M038,2025-05-30 10:20:49,3.39,2.18,1.555,1,0.0339,0.0339,Limpio,Exitosa,Usada,normal
TX00232,09498815221,M048,2025-03-26 22:54:36,25.07,38.86,0.6451,1,0.2507,0.376,Limpio,Exitosa,Usada,normal
TX00046,09504474768,M011,2025-03-23 07:10:07,3.21,5.3,0.6057,1,0.0321,0.0481,Limpio,,Disponible,normal
TX00001,09504474768,M012,2025-03-06 08:09:15,1.14,1.4,0.8143,1,0.0114,0.0171,Limpio,,Expirada,normal
TX00403,09504474768,M034,2025-05-19 10:06:27,6.77,6.33,1.0695,1,0.0677,0.1015,Limpio,,Disponible,normal
TX00349,09518055247,M022,2025-04-02 02:23:45,27.07,14.85,1.8229,2,0.6768,0.406,Limpio,Exitosa,Usada,normal
TX00407,09518055247,M038,2025-04-13 07:17:06,1.97,2.18,0.9037,2,0.0493,0.0197,Limpio,,Disponible,normal
TX00368,09518055247,M043,2025-04-03 21:27:42,29.37,28.84,1.0184,2,0.7343,0.4405,Limpio,Exitosa,Usada,normal
TX00301,09518055247,M044,2025-04-01 21:39:18,20.18,12.33,1.6367,2,0.5045,0.3027,Limpio,,Usada,normal
TX00159,09518055247,M045,2025-03-30 08:29:49,4.43,4.45,0.9955,2,0.1108,0.0664,Limpio,,Disponible,normal
TX00339,09531805601,M016,2025-04-25 21:39:38,13.29,10.61,1.2526,1,0.1329,0.1993,Limpio,,Usada,normal
TX00224,09531805601,M026,2025-05-28 02:11:56,8.43,7.04,1.1974,1,0.0843,0.1264,Limpio,Exitosa,Usada,normal
TX00499,09531805601,M040,2025-02-16 03:01:04,16.05,11.97,1.3409,1,0.1605,0.1605,Limpio,,Expirada,normal
TX00169,09531805601,M040,2025-05-28 03:55:30,8.77,11.97,0.7327,1,0.0877,0.0877,Limpio,,Disponible,normal
TX00335,09532734158,M006,2025-04-19 02:38:52,5.59,2.87,1.9477,3,0.2795,0.0838,Limpio,,Disponible,normal
TX00551,09532734158,M007,2025-05-27 02:26:20,9.9,3.24,3.0556,3,0.495,0.1485,Limpio,,Disponible,esfuerzo_alto
TX00470,09532734158,M015,2025-04-22 08:35:04,3.12,4.86,0.642,3,0.156,0.0468,Limpio,,Disponible,normal
TX00565,09532734158,M022,2025-05-22 03:05:55,50.82,14.85,3.4222,3,2.541,0.7623,Limpio,,Disponible,esfuerzo_alto
TX00275,09532734158,M031,2025-06-01 02:05:32,9.62,17.91,0.5371,3,0.481,0.1443,Limpio,Exitosa,Usada,normal
TX00264,09532734158,M034,2025-05-09 06:33:02,6.66,6.33,1.0521,3,0.333,0.0999,Limpio,,Disponible,normal
TX00404,09532734158,M045,2025-06-15 03:32:54,10.78,4.45,2.4225,3,0.539,0.1617,Limpio,Exitosa,Usada,normal
TX00231,09532734158,M046,2025-05-30 03:39:53,9.19,13.6,0.6757,3,0.4595,0.1379,Limpio,,Usada,normal
TX00195,09532734158,M050,2025-03-12 03:25:23,7.87,4.02,1.9577,3,0.3935,0.1181,Limpio,,Expirada,normal
TX00395,09536518206,M021,2025-02-21 07:19:13,0.94,1.42,0.662,2,0.0235,0.0141,Limpio,,Expirada,normal
TX00420,09547571981,M014,2025-03-02 06:06:49,1.46,2.39,0.6109,2,0.0365,0.0219,Limpio,,Expirada,normal
TX00012,09547571981,M029,2025-05-25 06:12:19,2.21,2.0,1.105,2,0.0553,0.0331,Limpio,,Disponible,normal
TX00374,09551482297,M002,2025-03-19 02:21:04,6.56,6.92,0.948,3,0.328,0.0984,Limpio,,Disponible,normal
TX00293,09551482297,M006,2025-03-02 03:29:53,4.08,2.87,1.4216,3,0.204,0.0612,Limpio,,Expirada,normal
TX00292,09551482297,M016,2025-04-10 03:17:23,27.34,10.61,2.5768,3,1.367,0.4101,Limpio,,Usada,normal
TX00377,09551482297,M017,2025-04-29 03:35:11,6.81,8.84,0.7704,3,0.3405,0.1021,Limpio,,Usada,normal
TX00145,09551482297,M019,2025-05-14 09:21:27,1.12,1.46,0.7671,3,0.056,0.0168,Limpio,,Usada,normal
TX00365,09551482297,M025,2025-06-08 06:41:12,2.18,2.72,0.8015,3,0.109,0.0327,Limpio,,Usada,normal
TX00435,09551482297,M040,2025-04-04 08:57:27,17.9,11.97,1.4954,3,0.895,0.179,Limpio,,Disponible,normal
TX00244,09551482297,M044,2025-05-26 03:36:41,16.3,12.33,1.322,3,0.815,0.2445,Limpio,,Disponible,normal
TX00527,09551482297,M046,2025-03-14 02:09:46,11.16,13.6,0.8206,3,0.558,0.1674,Limpio,,Expirada,breakage
TX00205,09551482297,M049,2025-03-07 06:47:33,6.88,9.13,0.7536,3,0.344,0.1032,Limpio,,Expirada,normal
TX00267,09562779578,M001,2025-03-02 21:51:37,11.88,8.98,1.3229,2,0.297,0.1782,Limpio,,Expirada,normal
TX00248,09562779578,M001,2025-04-22 21:46:20,15.16,8.98,1.6882,2,0.379,0.2274,Limpio,,Disponible,normal
TX00507,09562779578,M006,2025-04-30 06:26:02,1.54,2.87,0.5366,2,0.0385,0.0231,Detectado,,Disponible,fraccionamiento
TX00508,09562779578,M006,2025-04-30 06:50:02,1.97,2.87,0.6864,2,0.0493,0.0295,Detectado,,Usada,fraccionamiento
TX00461,09562779578,M020,2025-06-08 08:20:18,6.62,5.66,1.1696,2,0.1655,0.0993,Limpio,,Disponible,normal
TX00484,09562779578,M023,2025-04-22 22:50:44,4.71,6.98,0.6748,2,0.1178,0.0706,Limpio,,Usada,normal
TX00140,09562779578,M030,2025-04-20 03:28:53,4.97,4.44,1.1194,2,0.1242,0.0745,Limpio,,Usada,normal
TX00487,09562779578,M036,2025-03-28 22:06:21,1.58,1.11,1.4234,2,0.0395,0.0158,Limpio,,Disponible,normal
TX00016,09562779578,M040,2025-06-15 06:56:10,19.08,11.97,1.594,2,0.477,0.1908,Limpio,,Disponible,normal
TX00473,09562779578,M048,2025-04-05 02:22:54,31.77,38.86,0.8176,2,0.7943,0.4765,Limpio,Exitosa,Usada,normal
TX00369,09562779578,M049,2025-02-21 06:35:47,10.23,9.13,1.1205,2,0.2558,0.1535,Limpio,,Expirada,normal
TX00347,09568452344,M010,2025-04-13 08:35:08,5.19,2.06,2.5194,1,0.0519,0.0779,Limpio,,Disponible,normal
TX00066,09568452344,M018,2025-04-23 07:14:42,2.65,3.1,0.8548,1,0.0265,0.0398,Limpio,Exitosa,Usada,normal
TX00406,09568452344,M019,2025-04-27 10:25:46,1.08,1.46,0.7397,1,0.0108,0.0162,Limpio,,Usada,normal
TX00536,09568452344,M021,2025-02-24 07:05:51,1.69,1.42,1.1901,1,0.0169,0.0253,Limpio,,Expirada,breakage
TX00142,09568452344,M021,2025-03-29 10:08:38,1.14,1.42,0.8028,1,0.0114,0.0171,Limpio,Exitosa,Usada,normal
TX00323,09568452344,M028,2025-04-09 03:15:17,4.39,4.18,1.0502,1,0.0439,0.0658,Limpio,,Usada,normal
TX00480,09568452344,M032,2025-04-26 09:03:06,1.35,2.11,0.6398,1,0.0135,0.0203,Limpio,,Disponible,normal
TX00390,09568452344,M037,2025-03-30 02:58:23,8.97,5.52,1.625,1,0.0897,0.0897,Limpio,,Disponible,normal
TX00087,09576538319,M001,2025-05-19 06:14:23,7.54,8.98,0.8396,1,0.0754,0.1131,Limpio,Exitosa,Usada,normal
TX00497,09576538319,M002,2025-04-06 03:36:52,7.52,6.92,1.0867,1,0.0752,0.1128,Limpio,,Disponible,normal
TX00121,09576538319,M017,2025-06-16 03:04:09,9.03,8.84,1.0215,1,0.0903,0.1354,Limpio,,Disponible,normal
TX00265,09576538319,M021,2025-04-27 03:21:33,0.65,1.42,0.4577,1,0.0065,0.0097,Limpio,,Disponible,normal
TX00482,09588316573,M003,2025-03-20 02:44:13,6.11,6.22,0.9823,3,0.3055,0.0916,Limpio,,Disponible,normal
TX00314,09588316573,M003,2025-03-21 08:14:24,8.44,6.22,1.3569,3,0.422,0.1266,Limpio,,Disponible,normal
TX00561,09588316573,M006,2025-06-01 03:58:34,9.58,2.87,3.338,3,0.479,0.1437,Limpio,,Usada,esfuerzo_alto
TX00254,09588316573,M009,2025-05-31 08:45:38,1.64,1.92,0.8542,3,0.082,0.0246,Limpio,,Disponible,normal
TX00030,09588316573,M021,2025-04-07 10:44:32,2.35,1.42,1.6549,3,0.1175,0.0352,Limpio,,Usada,normal
TX00086,09588316573,M028,2025-03-13 08:25:39,4.53,4.18,1.0837,3,0.2265,0.0679,Limpio,,Expirada,normal
TX00337,09588316573,M038,2025-03-23 03:33:53,2.43,2.18,1.1147,3,0.1215,0.0243,Limpio,,Disponible,normal
TX00539,09591274422,M031,2025-03-08 03:50:30,10.14,17.91,0.5662,2,0.2535,0.1521,Limpio,,Expirada,breakage
TX00391,09591274422,M031,2025-05-03 22:01:54,20.59,17.91,1.1496,2,0.5148,0.3089,Limpio,,Disponible,normal
TX00488,09591274422,M050,2025-04-05 06:04:53,3.31,4.02,0.8234,2,0.0828,0.0496,Limpio,,Disponible,normal
TX00491,09596427717,M003,2025-03-24 21:50:14,4.36,6.22,0.701,2,0.109,0.0654,Limpio,,Usada,normal
TX00519,09596427717,M009,2025-05-14 07:05:39,0.93,1.92,0.4844,2,0.0233,0.014,Detectado,,Disponible,fraccionamiento
TX00520,09596427717,M009,2025-05-14 07:44:39,1.26,1.92,0.6562,2,0.0315,0.0189,Detectado,,Usada,fraccionamiento
TX00126,09596427717,M016,2025-06-15 02:12:53,21.35,10.61,2.0123,2,0.5338,0.3203,Limpio,,Usada,normal
TX00161,09596427717,M029,2025-03-19 07:24:19,1.5,2.0,0.75,2,0.0375,0.0225,Limpio,,Disponible,normal
TX00398,09596427717,M038,2025-03-18 03:58:09,1.83,2.18,0.8394,2,0.0458,0.0183,Limpio,,Disponible,normal
TX00382,09603794938,M001,2025-04-07 03:03:33,8.47,8.98,0.9432,1,0.0847,0.127,Limpio,Exitosa,Usada,normal
TX00357,09603794938,M001,2025-05-11 02:58:45,9.49,8.98,1.0568,1,0.0949,0.1424,Limpio,Exitosa,Usada,normal
TX00419,09603794938,M010,2025-05-04 03:46:45,2.82,2.06,1.3689,1,0.0282,0.0423,Limpio,,Disponible,normal
TX00366,09603794938,M027,2025-05-17 06:16:21,12.68,13.16,0.9635,1,0.1268,0.1902,Limpio,Exitosa,Usada,normal
TX00442,09603794938,M032,2025-04-20 02:55:40,1.48,2.11,0.7014,1,0.0148,0.0222,Limpio,,Usada,normal
TX00439,09603794938,M046,2025-04-18 21:01:14,6.32,13.6,0.4647,1,0.0632,0.0948,Limpio,,Usada,normal
TX00071,09612625282,M002,2025-04-13 02:35:33,6.76,6.92,0.9769,1,0.0676,0.1014,Limpio,,Usada,normal
TX00072,09612625282,M004,2025-04-23 23:15:05,2.81,3.19,0.8809,1,0.0281,0.0421,Limpio,,Usada,normal
TX00091,09612625282,M005,2025-03-13 02:01:58,7.66,4.45,1.7213,1,0.0766,0.1149,Limpio,,Expirada,normal
TX00073,09612625282,M007,2025-03-23 21:47:44,1.47,3.24,0.4537,1,0.0147,0.0221,Limpio,Exitosa,Usada,normal
TX00446,09612625282,M013,2025-03-05 06:16:30,3.01,2.62,1.1489,1,0.0301,0.0451,Limpio,,Expirada,normal
TX00472,09612625282,M019,2025-06-09 09:26:22,1.2,1.46,0.8219,1,0.012,0.018,Limpio,,Disponible,normal
TX00278,09612625282,M023,2025-05-03 02:28:32,5.74,6.98,0.8223,1,0.0574,0.0861,Limpio,,Disponible,normal
TX00328,09612625282,M027,2025-05-20 22:58:23,7.75,13.16,0.5889,1,0.0775,0.1162,Limpio,,Disponible,normal
TX00056,09616818257,M006,2025-05-14 03:14:33,1.78,2.87,0.6202,2,0.0445,0.0267,Limpio,,Disponible,normal
TX00385,09616818257,M014,2025-04-25 09:20:43,1.44,2.39,0.6025,2,0.036,0.0216,Limpio,,Usada,normal
TX00038,09616818257,M035,2025-03-30 02:42:24,3.77,4.08,0.924,2,0.0943,0.0565,Limpio,,Usada,normal
TX00023,09616818257,M050,2025-03-27 02:55:29,4.05,4.02,1.0075,2,0.1013,0.0607,Limpio,,Usada,normal
TX00020,09623128000,M004,2025-06-14 22:22:55,2.38,3.19,0.7461,1,0.0238,0.0357,Limpio,,Disponible,normal
TX00156,09623128000,M011,2025-03-05 02:49:11,3.98,5.3,0.7509,1,0.0398,0.0597,Limpio,,Expirada,normal
TX00524,09623128000,M014,2025-02-20 08:17:34,1.86,2.39,0.7782,1,0.0186,0.0279,Limpio,,Expirada,breakage
TX00298,09626421369,M002,2025-03-04 06:45:42,3.19,6.92,0.461,1,0.0319,0.0478,Limpio,,Expirada,normal
TX00401,09626421369,M005,2025-02-16 22:06:46,3.28,4.45,0.7371,1,0.0328,0.0492,Limpio,,Expirada,normal
TX00319,09626421369,M005,2025-02-24 02:03:30,8.18,4.45,1.8382,1,0.0818,0.1227,Limpio,,Expirada,normal
TX00240,09626421369,M010,2025-04-02 22:45:43,1.94,2.06,0.9417,1,0.0194,0.0291,Limpio,Exitosa,Usada,normal
TX00037,09626421369,M032,2025-06-07 23:03:17,1.78,2.11,0.8436,1,0.0178,0.0267,Limpio,,Disponible,normal
TX00173,09626421369,M048,2025-05-24 22:50:14,37.53,38.86,0.9658,1,0.3753,0.5629,Limpio,,Usada,normal
TX00326,09632663282,M002,2025-06-09 09:28:51,6.06,6.92,0.8757,2,0.1515,0.0909,Limpio,,Disponible,normal
TX00206,09632663282,M005,2025-05-13 22:04:56,2.56,4.45,0.5753,2,0.064,0.0384,Limpio,,Disponible,normal
TX00509,09632663282,M012,2025-05-12 03:57:14,0.73,1.4,0.5214,2,0.0182,0.0109,Detectado,,Usada,fraccionamiento
TX00510,09632663282,M012,2025-05-12 04:36:14,0.66,1.4,0.4714,2,0.0165,0.0099,Detectado,,Disponible,fraccionamiento
TX00047,09632663282,M021,2025-04-02 03:34:57,1.09,1.42,0.7676,2,0.0273,0.0163,Limpio,,Disponible,normal
TX00295,09632663282,M031,2025-02-16 02:20:42,22.73,17.91,1.2691,2,0.5683,0.3409,Limpio,,Expirada,normal
TX00172,09632663282,M037,2025-04-24 02:31:58,5.21,5.52,0.9438,2,0.1303,0.0521,Limpio,Exitosa,Usada,normal
TX00184,09632663282,M041,2025-02-22 21:49:00,5.8,11.38,0.5097,2,0.145,0.087,Limpio,,Expirada,normal
TX00069,09632663282,M045,2025-04-08 06:58:55,6.48,4.45,1.4562,2,0.162,0.0972,Limpio,,Disponible,normal
TX00286,09632663282,M047,2025-04-22 03:48:31,15.94,13.63,1.1695,2,0.3985,0.2391,Limpio,,Disponible,normal
TX00455,09636672559,M011,2025-04-06 10:51:06,2.3,5.3,0.434,1,0.023,0.0345,Limpio,,Disponible,normal
TX00129,09636672559,M012,2025-03-23 02:09:29,2.14,1.4,1.5286,1,0.0214,0.0321,Limpio,,Usada,normal
TX00186,09636672559,M014,2025-04-05 07:19:30,3.06,2.39,1.2803,1,0.0306,0.0459,Limpio,,Disponible,normal
TX00542,09636672559,M026,2025-02-23 03:11:40,2.65,7.04,0.3764,1,0.0265,0.0398,Limpio,,Expirada,breakage
TX00476,09636672559,M030,2025-04-23 07:01:48,6.27,4.44,1.4122,1,0.0627,0.094,Limpio,,Disponible,normal
TX00540,09636672559,M033,2025-02-23 22:59:33,6.35,5.39,1.1781,1,0.0635,0.0952,Limpio,,Expirada,breakage
TX00373,09636672559,M035,2025-06-01 10:26:52,9.11,4.08,2.2328,1,0.0911,0.1366,Limpio,,Usada,normal
TX00097,09636672559,M047,2025-06-14 06:46:23,10.65,13.63,0.7814,1,0.1065,0.1598,Limpio,,Usada,normal
TX00149,09661495377,M002,2025-03-29 03:02:25,13.25,6.92,1.9147,2,0.3313,0.1987,Limpio,,Disponible,normal
TX00024,09661495377,M010,2025-02-25 08:44:58,1.18,2.06,0.5728,2,0.0295,0.0177,Limpio,,Expirada,normal
TX00523,09661495377,M013,2025-03-08 02:35:16,4.23,2.62,1.6145,2,0.1058,0.0635,Limpio,,Expirada,breakage
TX00289,09661495377,M043,2025-03-02 09:43:18,14.05,28.84,0.4872,2,0.3513,0.2107,Limpio,,Expirada,normal
TX00014,09661495377,M048,2025-05-10 10:33:07,29.23,38.86,0.7522,2,0.7308,0.4385,Limpio,Exitosa,Usada,normal
TX00053,09663101570,M036,2025-04-23 02:14:44,1.54,1.11,1.3874,1,0.0154,0.0154,Limpio,,Disponible,normal
TX00164,09663101570,M038,2025-02-27 03:32:53,4.02,2.18,1.844,1,0.0402,0.0402,Limpio,,Expirada,normal
TX00029,09682835839,M011,2025-05-04 02:59:55,9.85,5.3,1.8585,2,0.2462,0.1477,Limpio,,Disponible,normal
TX00471,09682835839,M016,2025-02-27 02:03:36,11.35,10.61,1.0697,2,0.2838,0.1702,Limpio,,Expirada,normal
TX00119,09682835839,M024,2025-04-20 02:04:48,10.25,7.53,1.3612,2,0.2563,0.1537,Limpio,,Disponible,normal
TX00530,09682835839,M027,2025-03-04 02:56:47,15.15,13.16,1.1512,2,0.3788,0.2273,Limpio,,Expirada,breakage
TX00221,09682835839,M028,2025-06-01 06:15:28,3.61,4.18,0.8636,2,0.0902,0.0541,Limpio,,Usada,normal
TX00080,09682835839,M029,2025-03-02 06:50:18,1.84,2.0,0.92,2,0.046,0.0276,Limpio,,Expirada,normal
TX00494,09682835839,M040,2025-03-17 03:31:27,6.26,11.97,0.523,2,0.1565,0.0626,Limpio,,Expirada,normal
TX00431,09686906577,M001,2025-05-18 02:14:09,8.28,8.98,0.922,1,0.0828,0.1242,Limpio,,Disponible,normal
TX00528,09686906577,M017,2025-02-19 02:16:02,9.94,8.84,1.1244,1,0.0994,0.1491,Limpio,,Expirada,breakage
TX00531,09686906577,M019,2025-03-09 06:16:07,1.81,1.46,1.2397,1,0.0181,0.0272,Limpio,,Expirada,breakage
TX00135,09686906577,M026,2025-05-17 21:38:18,5.37,7.04,0.7628,1,0.0537,0.0805,Limpio,,Disponible,normal
TX00317,09686906577,M031,2025-04-13 06:10:49,17.14,17.91,0.957,1,0.1714,0.2571,Limpio,,Disponible,normal
TX00198,09693891734,M007,2025-05-14 02:52:46,6.48,3.24,2.0,1,0.0648,0.0972,Limpio,,Disponible,normal
TX00351,09693891734,M016,2025-03-02 03:11:31,7.78,10.61,0.7333,1,0.0778,0.1167,Limpio,,Expirada,normal
TX00489,09693891734,M018,2025-02-19 03:25:05,5.28,3.1,1.7032,1,0.0528,0.0792,Limpio,,Expirada,normal
TX00330,09693891734,M018,2025-03-27 22:47:05,4.19,3.1,1.3516,1,0.0419,0.0629,Limpio,,Usada,normal
TX00414,09693891734,M032,2025-04-29 09:35:50,1.36,2.11,0.6445,1,0.0136,0.0204,Limpio,,Disponible,normal
TX00187,09693891734,M040,2025-05-20 09:30:19,9.3,11.97,0.7769,1,0.093,0.093,Limpio,Exitosa,Usada,normal
TX00258,09693891734,M043,2025-06-01 07:28:01,35.63,28.84,1.2354,1,0.3563,0.5344,Limpio,,Usada,normal
TX00453,09721403732,M002,2025-02-16 06:14:52,10.81,6.92,1.5621,3,0.5405,0.1621,Limpio,,Expirada,normal
TX00379,09721403732,M004,2025-05-25 07:14:49,3.53,3.19,1.1066,3,0.1765,0.0529,Limpio,,Usada,normal
TX00211,09721403732,M005,2025-02-16 06:34:18,7.41,4.45,1.6652,3,0.3705,0.1111,Limpio,Exitosa,Expirada,normal
TX00352,09721403732,M009,2025-02-22 21:59:47,2.19,1.92,1.1406,3,0.1095,0.0328,Limpio,,Expirada,normal
TX00485,09721403732,M014,2025-05-12 02:13:21,1.62,2.39,0.6778,3,0.081,0.0243,Limpio,,Disponible,normal
TX00559,09721403732,M034,2025-05-29 08:35:17,20.82,6.33,3.2891,3,1.041,0.3123,Limpio,,Usada,esfuerzo_alto
TX00063,09721403732,M037,2025-04-17 07:01:44,4.76,5.52,0.8623,3,0.238,0.0476,Limpio,Exitosa,Usada,normal
TX00116,09721403732,M038,2025-05-20 02:05:45,1.21,2.18,0.555,3,0.0605,0.0121,Limpio,,Disponible,normal
TX00448,09721403732,M039,2025-03-10 10:10:58,1.06,1.29,0.8217,3,0.053,0.0106,Limpio,Exitosa,Expirada,normal
TX00392,09721403732,M044,2025-04-02 03:45:49,16.68,12.33,1.3528,3,0.834,0.2502,Limpio,,Disponible,normal
TX00457,09723314897,M015,2025-04-28 03:49:32,11.74,4.86,2.4156,1,0.1174,0.1761,Limpio,,Disponible,normal
TX00249,09723314897,M026,2025-02-22 23:13:00,6.43,7.04,0.9134,1,0.0643,0.0964,Limpio,,Expirada,normal
TX00459,09723314897,M032,2025-04-15 03:17:24,1.22,2.11,0.5782,1,0.0122,0.0183,Limpio,,Usada,normal
TX00427,09723314897,M034,2025-03-23 02:27:51,5.68,6.33,0.8973,1,0.0568,0.0852,Limpio,,Disponible,normal
TX00223,09723314897,M036,2025-06-01 23:23:58,0.76,1.11,0.6847,1,0.0076,0.0076,Limpio,,Disponible,normal
TX00492,09723314897,M044,2025-04-07 06:33:56,6.64,12.33,0.5385,1,0.0664,0.0996,Limpio,,Disponible,normal
TX00546,09723314897,M045,2025-02-23 03:56:09,4.45,4.45,1.0,1,0.0445,0.0668,Limpio,,Expirada,breakage
TX00090,09726104989,M004,2025-04-18 03:04:19,3.31,3.19,1.0376,2,0.0828,0.0496,Limpio,,Usada,normal
TX00332,09726104989,M008,2025-05-02 09:59:48,15.34,8.22,1.8662,2,0.3835,0.2301,Limpio,,Disponible,normal
TX00364,09726104989,M009,2025-03-06 07:02:13,2.78,1.92,1.4479,2,0.0695,0.0417,Limpio,,Expirada,normal
TX00133,09726104989,M031,2025-06-08 06:41:47,25.21,17.91,1.4076,2,0.6303,0.3781,Limpio,,Disponible,normal
TX00384,09726883402,M012,2025-02-27 06:16:10,1.03,1.4,0.7357,1,0.0103,0.0155,Limpio,,Expirada,normal
TX00296,09726883402,M016,2025-06-16 02:47:40,15.81,10.61,1.4901,1,0.1581,0.2371,Limpio,,Disponible,normal
TX00219,09726883402,M033,2025-03-02 03:17:00,3.04,5.39,0.564,1,0.0304,0.0456,Limpio,,Expirada,normal
TX00515,09734696263,M003,2025-05-11 03:25:47,3.31,6.22,0.5322,1,0.0331,0.0496,Detectado,,Disponible,fraccionamiento
TX00516,09734696263,M003,2025-05-11 04:04:47,2.72,6.22,0.4373,1,0.0272,0.0408,Detectado,,Disponible,fraccionamiento
TX00410,09734696263,M019,2025-04-23 21:44:43,1.75,1.46,1.1986,1,0.0175,0.0262,Limpio,,Disponible,normal
TX00003,09734696263,M019,2025-05-12 23:03:14,1.47,1.46,1.0068,1,0.0147,0.0221,Limpio,,Usada,normal
TX00082,09734696263,M034,2025-03-09 03:58:15,9.37,6.33,1.4803,1,0.0937,0.1405,Limpio,,Expirada,normal
TX00239,09734696263,M036,2025-04-13 09:54:00,1.5,1.11,1.3514,1,0.015,0.015,Limpio,,Disponible,normal
TX00307,09734696263,M047,2025-05-25 03:08:21,8.76,13.63,0.6427,1,0.0876,0.1314,Limpio,,Usada,normal
TX00106,09738228582,M002,2025-03-07 03:06:08,5.63,6.92,0.8136,3,0.2815,0.0844,Limpio,,Expirada,normal
TX00533,09738228582,M013,2025-02-19 03:11:23,1.43,2.62,0.5458,3,0.0715,0.0214,Limpio,,Expirada,breakage
TX00114,09738228582,M019,2025-04-27 21:03:38,2.12,1.46,1.4521,3,0.106,0.0318,Limpio,,Disponible,normal
TX00193,09738228582,M022,2025-02-15 22:56:02,15.83,14.85,1.066,3,0.7915,0.2374,Limpio,Exitosa,Expirada,normal
TX00441,09738228582,M038,2025-04-06 02:39:46,3.16,2.18,1.4495,3,0.158,0.0316,Limpio,,Disponible,normal
TX00007,09738228582,M038,2025-06-10 02:47:05,3.11,2.18,1.4266,3,0.1555,0.0311,Limpio,,Disponible,normal
TX00526,09738228582,M046,2025-02-21 07:05:24,14.77,13.6,1.086,3,0.7385,0.2215,Limpio,,Expirada,breakage
TX00318,09738228582,M050,2025-06-08 06:32:39,4.72,4.02,1.1741,3,0.236,0.0708,Limpio,,Disponible,normal
TX00371,09749505652,M008,2025-06-13 21:49:45,7.21,8.22,0.8771,2,0.1803,0.1081,Limpio,,Disponible,normal
TX00394,09749505652,M021,2025-05-29 09:41:45,0.9,1.42,0.6338,2,0.0225,0.0135,Limpio,Exitosa,Usada,normal
TX00118,09749505652,M032,2025-06-12 03:51:49,1.91,2.11,0.9052,2,0.0478,0.0286,Limpio,,Disponible,normal
TX00160,09749505652,M046,2025-02-16 06:51:02,10.71,13.6,0.7875,2,0.2678,0.1607,Limpio,,Expirada,normal
TX00388,09764996186,M002,2025-03-08 22:46:41,5.63,6.92,0.8136,2,0.1408,0.0844,Limpio,,Expirada,normal
TX00321,09764996186,M025,2025-02-28 03:21:19,3.99,2.72,1.4669,2,0.0998,0.0599,Limpio,,Expirada,normal
TX00167,09764996186,M030,2025-04-20 22:03:10,4.11,4.44,0.9257,2,0.1028,0.0617,Limpio,,Usada,normal
TX00437,09764996186,M035,2025-06-01 02:05:02,5.49,4.08,1.3456,2,0.1373,0.0824,Limpio,,Disponible,normal
TX00136,09764996186,M047,2025-05-24 21:20:00,12.36,13.63,0.9068,2,0.309,0.1854,Limpio,,Disponible,normal
TX00297,09765009951,M001,2025-05-17 06:58:17,8.07,8.98,0.8987,3,0.4035,0.1211,Limpio,,Disponible,normal
TX00288,09765009951,M002,2025-03-23 03:59:00,4.74,6.92,0.685,3,0.237,0.0711,Limpio,,Usada,normal
TX00222,09765009951,M005,2025-06-07 22:32:17,5.14,4.45,1.1551,3,0.257,0.0771,Limpio,,Usada,normal
TX00452,09765009951,M028,2025-02-23 22:13:24,4.14,4.18,0.9904,3,0.207,0.0621,Limpio,,Expirada,normal
TX00564,09765009951,M037,2025-06-04 21:41:46,18.02,5.52,3.2645,3,0.901,0.1802,Limpio,,Disponible,esfuerzo_alto
TX00238,09765009951,M048,2025-03-19 02:21:23,26.85,38.86,0.6909,3,1.3425,0.4027,Limpio,,Usada,normal
TX00522,09772526116,M001,2025-03-01 10:38:35,7.52,8.98,0.8374,3,0.376,0.1128,Limpio,,Expirada,breakage
TX00180,09772526116,M028,2025-03-19 21:57:49,3.44,4.18,0.823,3,0.172,0.0516,Limpio,,Disponible,normal
TX00468,09772526116,M035,2025-03-06 03:17:02,2.93,4.08,0.7181,3,0.1465,0.044,Limpio,,Expirada,normal
TX00303,09777289927,M003,2025-02-23 02:27:26,6.86,6.22,1.1029,1,0.0686,0.1029,Limpio,,Expirada,normal
TX00343,09777289927,M027,2025-03-29 03:51:40,12.14,13.16,0.9225,1,0.1214,0.1821,Limpio,,Disponible,normal
TX00345,09777289927,M032,2025-02-23 02:08:11,1.8,2.11,0.8531,1,0.018,0.027,Limpio,,Expirada,normal
TX00458,09777289927,M033,2025-05-10 03:22:53,3.11,5.39,0.577,1,0.0311,0.0466,Limpio,,Disponible,normal
TX00308,09777289927,M041,2025-05-11 08:32:27,9.79,11.38,0.8603,1,0.0979,0.1468,Limpio,,Disponible,normal
TX00035,09777289927,M047,2025-03-25 08:34:08,11.58,13.63,0.8496,1,0.1158,0.1737,Limpio,,Usada,normal
TX00325,09779601046,M018,2025-03-16 06:49:10,2.25,3.1,0.7258,2,0.0563,0.0338,Limpio,,Expirada,normal
TX00389,09779601046,M021,2025-02-23 03:06:39,1.2,1.42,0.8451,2,0.03,0.018,Limpio,,Expirada,normal
TX00015,09779601046,M041,2025-03-30 02:51:43,5.97,11.38,0.5246,2,0.1492,0.0895,Limpio,Exitosa,Usada,normal
TX00217,09779724107,M015,2025-05-22 21:28:37,6.86,4.86,1.4115,2,0.1715,0.1029,Limpio,,Usada,normal
TX00103,09779724107,M022,2025-03-05 08:43:56,12.03,14.85,0.8101,2,0.3008,0.1804,Limpio,,Expirada,normal
TX00085,09779724107,M024,2025-03-13 02:07:40,5.09,7.53,0.676,2,0.1273,0.0764,Limpio,,Expirada,normal
TX00305,09779724107,M027,2025-03-12 21:09:29,6.34,13.16,0.4818,2,0.1585,0.0951,Limpio,Exitosa,Expirada,normal
TX00032,09779724107,M032,2025-04-06 22:08:56,2.25,2.11,1.0664,2,0.0563,0.0338,Limpio,,Disponible,normal
TX00153,09779724107,M036,2025-06-06 09:34:55,1.34,1.11,1.2072,2,0.0335,0.0134,Limpio,,Usada,normal
TX00438,09779724107,M041,2025-03-27 03:14:43,14.65,11.38,1.2873,2,0.3663,0.2198,Limpio,,Disponible,normal
TX00566,09796929262,M001,2025-06-13 22:59:03,27.71,8.98,3.0857,3,1.3855,0.4157,Limpio,,Usada,esfuerzo_alto
TX00568,09796929262,M002,2025-06-03 03:26:47,22.07,6.92,3.1893,3,1.1035,0.3311,Limpio,,Usada,esfuerzo_alto
TX00450,09796929262,M011,2025-04-21 10:47:29,7.19,5.3,1.3566,3,0.3595,0.1079,Limpio,,Disponible,normal
TX00553,09796929262,M019,2025-06-06 02:43:58,5.56,1.46,3.8082,3,0.278,0.0834,Limpio,,Disponible,esfuerzo_alto
TX00529,09796929262,M035,2025-03-15 02:33:38,6.22,4.08,1.5245,3,0.311,0.0933,Limpio,,Expirada,breakage
TX00331,09796929262,M043,2025-03-16 03:50:03,19.59,28.84,0.6793,3,0.9795,0.2939,Limpio,,Expirada,normal
TX00496,09796929262,M046,2025-05-29 23:02:00,17.86,13.6,1.3132,3,0.893,0.2679,Limpio,,Disponible,normal
TX00327,09796929262,M048,2025-04-13 03:19:45,24.35,38.86,0.6266,3,1.2175,0.3653,Limpio,,Disponible,normal
TX00362,09801269695,M003,2025-04-27 03:24:16,4.5,6.22,0.7235,2,0.1125,0.0675,Limpio,,Disponible,normal
TX00460,09801269695,M005,2025-03-14 03:50:57,4.23,4.45,0.9506,2,0.1058,0.0635,Limpio,,Expirada,normal
TX00440,09801269695,M013,2025-06-15 03:11:28,1.74,2.62,0.6641,2,0.0435,0.0261,Limpio,Exitosa,Usada,normal
TX00256,09801269695,M039,2025-02-21 03:36:53,1.06,1.29,0.8217,2,0.0265,0.0106,Limpio,,Expirada,normal
TX00287,09801269695,M039,2025-06-09 03:48:23,2.34,1.29,1.814,2,0.0585,0.0234,Limpio,,Usada,normal
TX00151,09801269695,M043,2025-03-13 06:23:04,32.15,28.84,1.1148,2,0.8037,0.4822,Limpio,,Expirada,normal
TX00226,09806772232,M019,2025-02-28 03:32:56,0.99,1.46,0.6781,1,0.0099,0.0148,Limpio,,Expirada,normal
TX00270,09806772232,M027,2025-05-31 06:07:45,22.04,13.16,1.6748,1,0.2204,0.3306,Limpio,,Disponible,normal
TX00463,09806772232,M031,2025-06-15 21:11:05,22.0,17.91,1.2284,1,0.22,0.33,Limpio,,Usada,normal
TX00100,09806772232,M032,2025-04-04 10:57:46,1.54,2.11,0.7299,1,0.0154,0.0231,Limpio,,Usada,normal
TX00079,09806772232,M035,2025-02-16 03:39:31,4.82,4.08,1.1814,1,0.0482,0.0723,Limpio,,Expirada,normal
TX00216,09821375263,M007,2025-03-16 08:22:14,2.84,3.24,0.8765,1,0.0284,0.0426,Limpio,,Expirada,normal
TX00034,09821375263,M016,2025-04-18 02:30:06,10.17,10.61,0.9585,1,0.1017,0.1525,Limpio,,Usada,normal
TX00399,09821375263,M050,2025-05-08 21:57:47,7.63,4.02,1.898,1,0.0763,0.1144,Limpio,,Disponible,normal
TX00233,09823806942,M030,2025-03-23 03:25:05,6.98,4.44,1.5721,1,0.0698,0.1047,Limpio,,Usada,normal
TX00273,09823806942,M032,2025-05-03 23:11:32,1.59,2.11,0.7536,1,0.0159,0.0238,Limpio,,Usada,normal
TX00138,09823806942,M042,2025-04-30 03:26:37,8.2,8.0,1.025,1,0.082,0.123,Limpio,,Disponible,normal
TX00168,09823806942,M048,2025-03-03 09:27:42,34.77,38.86,0.8948,1,0.3477,0.5216,Limpio,,Expirada,normal
TX00416,09825332167,M001,2025-04-07 09:57:25,12.41,8.98,1.382,2,0.3103,0.1861,Limpio,,Disponible,normal
TX00162,09825332167,M003,2025-06-01 21:27:10,4.45,6.22,0.7154,2,0.1113,0.0668,Limpio,Exitosa,Usada,normal
TX00236,09825332167,M016,2025-04-21 02:15:55,14.0,10.61,1.3195,2,0.35,0.21,Limpio,,Disponible,normal
TX00411,09825332167,M018,2025-03-02 03:10:26,3.74,3.1,1.2065,2,0.0935,0.0561,Limpio,,Expirada,normal
TX00418,09825332167,M018,2025-04-14 03:43:08,2.5,3.1,0.8065,2,0.0625,0.0375,Limpio,,Usada,normal
TX00449,09825332167,M018,2025-05-20 02:47:25,2.25,3.1,0.7258,2,0.0563,0.0338,Limpio,,Disponible,normal
TX00158,09825332167,M024,2025-05-25 06:41:00,6.63,7.53,0.8805,2,0.1658,0.0994,Limpio,,Disponible,normal
TX00493,09825332167,M050,2025-03-17 02:40:14,4.22,4.02,1.0498,2,0.1055,0.0633,Limpio,,Expirada,normal
TX00350,09828197679,M003,2025-04-12 09:36:54,3.42,6.22,0.5498,2,0.0855,0.0513,Limpio,,Disponible,normal
TX00500,09828197679,M024,2025-05-10 22:32:51,6.09,7.53,0.8088,2,0.1522,0.0914,Limpio,,Disponible,normal
TX00272,09828197679,M035,2025-06-09 21:53:39,2.48,4.08,0.6078,2,0.062,0.0372,Limpio,,Usada,normal
TX00045,09828197679,M037,2025-03-27 03:48:38,8.15,5.52,1.4764,2,0.2038,0.0815,Limpio,,Disponible,normal
TX00505,09832191793,M001,2025-05-26 02:01:47,3.7,8.98,0.412,3,0.185,0.0555,Detectado,,Disponible,fraccionamiento
TX00506,09832191793,M001,2025-05-26 02:34:47,3.62,8.98,0.4031,3,0.181,0.0543,Detectado,,Disponible,fraccionamiento
TX00555,09832191793,M006,2025-06-04 06:29:57,9.54,2.87,3.324,3,0.477,0.1431,Limpio,,Disponible,esfuerzo_alto
TX00059,09832191793,M009,2025-04-12 10:42:26,2.14,1.92,1.1146,3,0.107,0.0321,Limpio,,Disponible,normal
TX00549,09832191793,M019,2025-02-16 06:10:59,2.07,1.46,1.4178,3,0.1035,0.031,Limpio,,Expirada,breakage
TX00111,09832191793,M038,2025-03-02 08:33:45,3.18,2.18,1.4587,3,0.159,0.0318,Limpio,,Expirada,normal
TX00048,09832191793,M044,2025-04-14 03:45:25,8.46,12.33,0.6861,3,0.423,0.1269,Limpio,,Disponible,normal
TX00078,09834315307,M003,2025-03-29 06:36:19,4.31,6.22,0.6929,3,0.2155,0.0646,Limpio,,Disponible,normal
TX00230,09834315307,M021,2025-04-14 02:14:32,0.53,1.42,0.3732,3,0.0265,0.008,Limpio,,Usada,normal
TX00534,09834315307,M028,2025-03-07 03:10:47,5.4,4.18,1.2919,3,0.27,0.081,Limpio,,Expirada,breakage
TX00130,09834315307,M031,2025-05-11 03:32:49,16.4,17.91,0.9157,3,0.82,0.246,Limpio,,Disponible,normal
TX00042,09834315307,M042,2025-03-09 02:16:04,10.5,8.0,1.3125,3,0.525,0.1575,Limpio,,Expirada,normal
TX00181,09889654250,M025,2025-04-19 09:24:22,2.48,2.72,0.9118,1,0.0248,0.0372,Limpio,Exitosa,Usada,normal
TX00040,09889654250,M035,2025-04-13 03:09:47,4.73,4.08,1.1593,1,0.0473,0.0709,Limpio,,Disponible,normal
TX00277,09889654250,M041,2025-03-20 02:44:11,9.77,11.38,0.8585,1,0.0977,0.1465,Limpio,,Disponible,normal
TX00081,09892683590,M010,2025-05-10 02:37:57,2.08,2.06,1.0097,1,0.0208,0.0312,Limpio,,Disponible,normal
TX00361,09892683590,M011,2025-03-30 02:13:43,4.14,5.3,0.7811,1,0.0414,0.0621,Limpio,,Disponible,normal
TX00262,09892683590,M015,2025-04-27 08:09:24,3.65,4.86,0.751,1,0.0365,0.0548,Limpio,,Usada,normal
TX00501,09892683590,M015,2025-05-28 02:23:23,3.07,4.86,0.6317,1,0.0307,0.046,Detectado,,Disponible,fraccionamiento
TX00502,09892683590,M015,2025-05-28 03:02:23,2.14,4.86,0.4403,1,0.0214,0.0321,Detectado,,Disponible,fraccionamiento
TX00475,09892683590,M017,2025-04-30 02:38:50,15.52,8.84,1.7557,1,0.1552,0.2328,Limpio,,Disponible,normal
TX00203,09892683590,M035,2025-03-14 22:40:13,5.13,4.08,1.2574,1,0.0513,0.0769,Limpio,,Expirada,normal
TX00124,09894384688,M002,2025-05-30 03:17:00,7.37,6.92,1.065,1,0.0737,0.1105,Limpio,,Usada,normal
TX00061,09894384688,M010,2025-04-20 06:29:46,3.19,2.06,1.5485,1,0.0319,0.0478,Limpio,,Usada,normal
TX00175,09894384688,M024,2025-03-24 07:21:06,7.98,7.53,1.0598,1,0.0798,0.1197,Limpio,,Disponible,normal
TX00010,09894384688,M025,2025-04-18 02:01:02,3.99,2.72,1.4669,1,0.0399,0.0599,Limpio,,Usada,normal
TX00214,09894384688,M026,2025-06-11 07:19:28,6.75,7.04,0.9588,1,0.0675,0.1012,Limpio,,Usada,normal
TX00213,09894384688,M028,2025-03-08 02:35:56,4.0,4.18,0.9569,1,0.04,0.06,Limpio,,Expirada,normal
TX00253,09894384688,M032,2025-03-30 02:01:35,1.75,2.11,0.8294,1,0.0175,0.0262,Limpio,,Disponible,normal
TX00372,09902389876,M005,2025-03-15 21:39:31,3.32,4.45,0.7461,3,0.166,0.0498,Limpio,,Expirada,normal
TX00386,09902389876,M007,2025-02-16 03:48:36,2.82,3.24,0.8704,3,0.141,0.0423,Limpio,Exitosa,Expirada,normal
TX00444,09902389876,M025,2025-03-10 06:48:13,4.04,2.72,1.4853,3,0.202,0.0606,Limpio,,Expirada,normal
TX00013,09902389876,M026,2025-03-30 03:34:59,7.32,7.04,1.0398,3,0.366,0.1098,Limpio,,Disponible,normal
TX00521,09902389876,M033,2025-02-27 23:15:18,5.28,5.39,0.9796,3,0.264,0.0792,Limpio,,Expirada,breakage
TX00008,09902389876,M037,2025-03-29 02:28:06,5.87,5.52,1.0634,3,0.2935,0.0587,Limpio,,Usada,normal
TX00060,09902389876,M047,2025-06-08 10:34:17,9.45,13.63,0.6933,3,0.4725,0.1417,Limpio,,Disponible,normal
TX00011,09905358487,M005,2025-05-13 02:19:50,3.59,4.45,0.8067,1,0.0359,0.0538,Limpio,,Disponible,normal
TX00310,09905358487,M017,2025-04-15 06:06:21,4.47,8.84,0.5057,1,0.0447,0.067,Limpio,,Disponible,normal
TX00227,09905358487,M024,2025-04-09 07:08:24,9.31,7.53,1.2364,1,0.0931,0.1396,Limpio,,Usada,normal
TX00154,09905358487,M037,2025-03-14 02:34:17,11.13,5.52,2.0163,1,0.1113,0.1113,Limpio,,Expirada,normal
TX00107,09905358487,M039,2025-02-21 02:44:38,1.02,1.29,0.7907,1,0.0102,0.0102,Limpio,,Expirada,normal
TX00356,09905358487,M046,2025-06-11 08:25:15,11.15,13.6,0.8199,1,0.1115,0.1673,Limpio,,Disponible,normal
TX00021,09905358487,M049,2025-03-03 10:50:23,10.43,9.13,1.1424,1,0.1043,0.1564,Limpio,Exitosa,Expirada,normal
TX00247,09912278707,M005,2025-04-17 02:58:25,7.12,4.45,1.6,1,0.0712,0.1068,Limpio,Exitosa,Usada,normal
TX00445,09912278707,M005,2025-06-13 10:11:44,5.88,4.45,1.3213,1,0.0588,0.0882,Limpio,Exitosa,Usada,normal
TX00266,09912278707,M017,2025-04-24 08:31:59,6.67,8.84,0.7545,1,0.0667,0.1001,Limpio,,Disponible,normal
TX00464,09912278707,M017,2025-04-27 06:47:24,9.73,8.84,1.1007,1,0.0973,0.1459,Limpio,,Disponible,normal
TX00179,09916076536,M012,2025-02-17 02:35:38,4.05,1.4,2.8929,2,0.1013,0.0607,Limpio,,Expirada,normal
TX00137,09916076536,M033,2025-04-30 09:01:45,4.65,5.39,0.8627,2,0.1163,0.0698,Limpio,,Usada,normal
TX00197,09916076536,M044,2025-03-16 07:12:14,13.81,12.33,1.12,2,0.3453,0.2072,Limpio,,Expirada,normal
TX00408,09921615303,M008,2025-06-05 08:55:31,15.7,8.22,1.91,3,0.785,0.2355,Limpio,,Usada,normal
TX00218,09921615303,M013,2025-03-22 03:13:29,1.51,2.62,0.5763,3,0.0755,0.0226,Limpio,,Disponible,normal
TX00360,09921615303,M015,2025-06-16 09:49:52,7.17,4.86,1.4753,3,0.3585,0.1075,Limpio,,Disponible,normal
TX00271,09921615303,M016,2025-05-11 03:05:24,4.94,10.61,0.4656,3,0.247,0.0741,Limpio,Exitosa,Usada,normal
TX00560,09921615303,M016,2025-06-08 03:40:56,34.06,10.61,3.2102,3,1.703,0.5109,Limpio,,Disponible,esfuerzo_alto
TX00250,09921615303,M019,2025-04-01 21:44:48,1.58,1.46,1.0822,3,0.079,0.0237,Limpio,,Disponible,normal
TX00075,09921615303,M022,2025-03-24 06:06:29,16.27,14.85,1.0956,3,0.8135,0.244,Limpio,,Usada,normal
TX00569,09921615303,M022,2025-05-21 10:28:24,52.45,14.85,3.532,3,2.6225,0.7868,Limpio,,Disponible,esfuerzo_alto
TX00208,09921615303,M028,2025-02-26 06:15:23,2.51,4.18,0.6005,3,0.1255,0.0376,Limpio,,Expirada,normal
TX00329,09921615303,M046,2025-03-27 09:27:48,6.08,13.6,0.4471,3,0.304,0.0912,Limpio,,Usada,normal
TX00123,09928436204,M008,2025-04-01 03:40:33,8.73,8.22,1.062,2,0.2183,0.131,Limpio,,Disponible,normal
TX00304,09928436204,M010,2025-03-05 21:11:23,2.75,2.06,1.335,2,0.0688,0.0412,Limpio,,Expirada,normal
TX00096,09928436204,M014,2025-06-08 10:52:33,1.85,2.39,0.7741,2,0.0463,0.0278,Limpio,,Disponible,normal
TX00430,09928436204,M015,2025-03-08 03:02:02,5.41,4.86,1.1132,2,0.1353,0.0811,Limpio,,Expirada,normal
TX00423,09928436204,M025,2025-02-22 08:37:24,1.96,2.72,0.7206,2,0.049,0.0294,Limpio,,Expirada,normal
TX00261,09928436204,M029,2025-03-18 02:46:48,2.38,2.0,1.19,2,0.0595,0.0357,Limpio,,Disponible,normal
TX00525,09958677439,M006,2025-03-16 21:19:54,2.9,2.87,1.0105,1,0.029,0.0435,Limpio,,Expirada,breakage
TX00006,09958677439,M012,2025-04-05 08:14:43,1.07,1.4,0.7643,1,0.0107,0.0161,Limpio,,Disponible,normal
TX00409,09958677439,M019,2025-03-06 02:07:23,1.25,1.46,0.8562,1,0.0125,0.0187,Limpio,,Expirada,normal
TX00064,09958677439,M026,2025-05-14 02:24:17,6.85,7.04,0.973,1,0.0685,0.1027,Limpio,,Disponible,normal
TX00018,09958677439,M038,2025-03-02 03:14:50,2.01,2.18,0.922,1,0.0201,0.0201,Limpio,,Expirada,normal
TX00383,09958677439,M044,2025-04-24 22:39:27,10.83,12.33,0.8783,1,0.1083,0.1624,Limpio,,Disponible,normal
TX00033,09971475669,M004,2025-03-09 10:19:01,3.14,3.19,0.9843,3,0.157,0.0471,Limpio,,Expirada,normal
TX00109,09971475669,M004,2025-05-27 02:48:38,2.46,3.19,0.7712,3,0.123,0.0369,Limpio,,Disponible,normal
TX00112,09971475669,M007,2025-05-04 03:47:47,1.24,3.24,0.3827,3,0.062,0.0186,Limpio,,Disponible,normal
TX00333,09971475669,M018,2025-04-30 02:18:14,3.39,3.1,1.0935,3,0.1695,0.0508,Limpio,,Usada,normal
TX00554,09971475669,M025,2025-05-25 02:13:52,9.26,2.72,3.4044,3,0.463,0.1389,Limpio,,Disponible,esfuerzo_alto
TX00220,09971475669,M027,2025-04-27 08:53:35,18.11,13.16,1.3761,3,0.9055,0.2717,Limpio,Exitosa,Usada,normal
TX00157,09971475669,M034,2025-04-24 02:20:55,3.1,6.33,0.4897,3,0.155,0.0465,Limpio,,Usada,normal
TX00165,09974816609,M019,2025-06-12 03:21:00,1.25,1.46,0.8562,2,0.0312,0.0187,Limpio,,Disponible,normal
TX00570,09977913143,M021,2025-05-27 03:14:17,5.6,1.42,3.9437,3,0.28,0.084,Limpio,,Disponible,esfuerzo_alto
TX00556,09977913143,M033,2025-05-17 22:08:43,20.95,5.39,3.8868,3,1.0475,0.3142,Limpio,,Usada,esfuerzo_alto
TX00456,09977913143,M034,2025-05-01 06:57:33,6.1,6.33,0.9637,3,0.305,0.0915,Limpio,,Usada,normal
TX00428,09977913143,M034,2025-06-05 02:07:23,3.75,6.33,0.5924,3,0.1875,0.0562,Limpio,,Disponible,normal
TX00166,09991206991,M001,2025-04-06 03:20:10,9.15,8.98,1.0189,1,0.0915,0.1373,Limpio,Exitosa,Usada,normal
TX00025,09991206991,M019,2025-06-03 22:05:23,1.55,1.46,1.0616,1,0.0155,0.0232,Limpio,,Usada,normal
TX00363,09991206991,M025,2025-05-03 23:09:05,2.25,2.72,0.8272,1,0.0225,0.0338,Limpio,,Disponible,normal
TX00163,09991206991,M031,2025-06-08 08:49:03,19.78,17.91,1.1044,1,0.1978,0.2967,Limpio,,Usada,normal
TX00068,09991206991,M046,2025-06-09 03:49:44,12.01,13.6,0.8831,1,0.1201,0.1801,Limpio,,Disponible,normal
